img001.png,"O amor não sobrevive de teorias."
img002.png,"Eu posso deletar: as suas fotos; O seu número; e as suas MSGS."
img003.png,"51013-15 VOCÊ DILATA MINHA PUPILA E NEM PERCEBE. -ISABELLE AUGUSTA @CINZAS DAAL MA"
img004.png,"SONHO COM VOCE TODOS OS DIAS; E EU NEM PRECISO DORMIR PRA ISSO ACONTECER..."
img005.png,"PARECE QUE A CADA DIA QUE PASSA EU DESCUBRO UM NOVO MOTIVO PRA ME APAIXONAR MAIS AINDA POR TI."
img006.png,"AMO SEUS DEFEITOS E AS SUAS QUALIDADES. E QUANTO MAIS TE CONHEÇO, VEJO QUE VOCÊ NÃO É MEU SONHO, É MELHOR QUE ISSO, É A MINHA REALIDADE. -RECÍ PROCO LUNA"
img007.png,"EU POSSO ESTAR COM TODOS OS PROBLEMAS NAS COSTAS, BASTA 5 Minutos DE CONVERSA CONTIGO, QUE EV ESQUEÇO TODOS, VOCÊ TEM O DOM DE FAZER MEUS OLHOS BRILHAREM E O MEU CORAÇÃO BATER MAIS FORTE."
img008.png,"Você sabe que alguém te ama não pelo que ele fala, mas pelo que ele faz."
img009.png,"Eu penso em você muito mais do que você acha que eu penso. - Poeta Diário"
img010.png,"A gente sempare pode caprender algo com cos outros, inclusive como não ser."
img011.png,"Não Permita comportamento do outro Jaça voce questionar o seu Valor. Não de a ninguém o de advecer poder a Jsua Vida "
img012.png,"Se tem uma Casa que mais me irrita, é quando a outra pessoa espera que você esteja brem com algo que la não acataria se fosse feito com ela. 19/08/2024"
img013.png,"Romantize sua vida! Tiere fotor. Leia livros. De um passeio. Dance sua música favorita Compare presentes para si mesmo. Seja feliz, está é va sua vida. não divce ninguém tirar isso de você. "
img014.png,"Romantize sua vida! Tiere fotor. Leia livros. De um passeio. Dance sua música favorita Compare presentes para si mesmo. Seja feliz, está é va sua vida. não divce ninguém tirar isso de você. "
img015.png,"Ao impor limites, voce descobre se é amado e apenas vútil."
img016.png,"A vida é sobre você fazer a sua parte. Você não pode controlar nada além disso."
img017.png,"Cuidado ao se vacostumar com va maneira errada que valgumas pessoas te tratam e ficar se Convencendo que esse é o feito delas"."
img018.png,"Quando alquém te ajuda a atravessar uma situação difícil, Não é ajuda... É Amor"
img019.png,"Quem te largou no meio do occano não tim DIREITO de saber o que acontecen entre você e os tubarões. 18 19 MUITO MENOS como Você conseguire cheopr ati a PRAIA"
img020.png,"VOCÊ NÃO IMAGINA O TAMANE DA MINHA GRATIDÃO PELOS SORRISOS QUE ME ARRANCA SEM ESFORÇO ALGUM, NOS MOMENTOS EM QUE EU MAIS PRECiso"
img021.png,"As vezes, você é a pessoa que mais precisa daquilo que tanto oferece. Cuide de Voci também!"
img022.png,"Cuidar de si é uma parte essencial para cuidar dos outros. Quanto mais saudável é a árvore, melhor a fruta que ela pode oferecer."
img023.png,"Minka monte precisa de descanso Tanto quanto meu corpo, en aprendi a Respetar isso"
img024.png,""Saúde Mental é escolher viver com pessoas que não nos tornem Doentes.""
img025.png,"às vezes fá temos a resposta, mas nos recuramos a aceitá-la."
img026.png,"A verdade dói apenas uma vez, mas a mentiza doi Toda vez que é lembrada."
img027.png,"O QUE ESTÁ DESTINADO A NÓS SE ALINHA NATURALMENTE COM OS NOSSOS PROPÓSITOS. DESAVEXE"
img028.png,"Seja humilde, pois dessa vida você só leva uma muda de roupa e nem é pocê que escolhe. "
img029.png,"Adorcemos emocionalmente porque fomos educados para fazer todo mundo feliz, menos a nós mesmo!"
img030.png,"A INDIFERENÇA É UMA RAIVA QUE ESFRIOU. Copineja"
img031.png,"EU GOSTO DE PODER CONTAR AS COISAS PRA VOCÊ, UM RELACIONAMENTO SAUDÁVEL QUE POSSO... SEI QUE POSSO CONTAR MEUS SEGREDOS, MEUS MEDOS, MINHAS ALEGRIAS, QUE VOCÊ VAI ESTAR LA PRA CHORAR, COMEMORAR E ATE ME DAR CONSELHOS EEU AMO ESSA CONFIANÇA QUE TEMOS UM NO OUTro!!♡ INSTAGRAM @FILHO DE CARTU/Fb.com/FICHODECAPITU"
img032.png,"TALVEZ O AUGE DA MATURidade, é -deixar AS PESSOAS TE PERDEREM AO INUES DE TENTAR CONVENCE-IAS SOBRE O SEU VALOR"
img033.png,"Se um homem espera que uma mulher seja um Anjo em sua vida ele precisa primeiro criar um paraíso para Ela."
img034.png,"SUA VIDA SÓ IRÁ MELHORAR QUANDO VOCÊ APRENDER A OLHAR PARA ALGUMAS SITUAÇÕES E PENSAR: "ME DESCULPE. MAS EU TENHO MAIS O QUE FAZERI!" "
img035.png,""Cuidado para não Insinar ao mundo que você resd re tudo. Esse é o melhor jeito de se cercar de pessoas que não resol rem nada.""
img036.png,"Tabez toda pessoa é a pessoa certa. A diferença é que algumas chegam para te amar, e outras para te ensinor a se amar."
img037.png,"Cada pessoa oferece aquilo que tem no momento. Você pode até oferecer seu ponto mas mas mudar alguen lamais L alquém porta da mudança So so abr pelo lado de dentro!"
img038.png,"Precisamos Jalar sobre a DESINSPIRAÇÃO. Aquela pessoa que serve de exemplo de tudo que volt NÃO quer ser."
img039.png,"Valiosas são as pessoas que nos oferecem coisas caras: Tempo, atenção, lealdade i respeito. Obrigado!"
img040.png,"Entre ter e ser, prefiro ser. A essência tem valor, as coisas tem preço. Codo mundo pode ter o que você tem, mas ninguém pode ser o que você é. "
img041.png,"Em um mundo onde Você pode ser muitas coisas, escolha ser quem faz a diferença ha vida das pessoas. Paulo de Tarso Souza Psicologia e Neurociência"
img042.png,"Se tem uma Casa que mais me irrita, é quando a outra pessoa espera que você estya bem com algo que la não acutaria se fosse feito com ela. 19/08/2024"
img043.png,"Valiosas sad as persoas que nos da coisay caras: tempo, atencar, Lealdade e respeito."
img044.png,"Quantas vezes me pego pensando nas voltos que a da dá, nos encontros e vida desencontros que nos moldam e nos transformam ao longo do caminho. em meio a essa jornada incerta, uma certeza sempre me Cacompanha: a gratidão por todas as vezes que Deus cuidou de mim, mesmo eu sendo tão imperfeita, tão cheia de falhas e fraquezas. @metamorfrases-"
img045.png,"Seja Seletivo ao compartilhar sua vida pessoal. Compreenda que nem tedos merecem ter vacesso a você e isso não é egoísmo, é sabedoria. 0 Isabela Couto Psicóloga CRP: 06/191187 Lucor Mochodo"
img046.png,"A felicidade não é um destino, e sim uma escolha diária. Escolho ser grata, encontrar alegria nas coisas simples e cultivar uma mente mais positiva. @metamorfrases"
img047.png,"Um sapo decidiu chegar no topo de uma árvore. Os outros sapor gritaram. " gritarane E' impossível! É impossível! mesmo assim o sapo chegou no topo... mas como? Simples: Ele era surdo. E ele pensava "todos estão me encorajando. eu preciso chegar lá em cima".. SE VOCÊ QUER ALCANÇAR SEUS SONHOS. SEJA SURDO PARA PENSAMENTOS NEGATIVOS."
img048.png,"Adecemos emocionalmente porque fomos educados para fazer todo mundo feliz, menos a nós mesmo!"
img049.png,"Deixar Jesus dirigir a nossa vida, é como dar as chaves para o arquiteto da paz construir um lar sereno no nosso coração"
img050.png,"Pare de atravessar Oceanos, por quem não Molharia nem os pés por voce... Amor proprio acima de tudo. @lame-Lumhurooi"
img051.png,"Elogie do nada. Iliz que sente falta do nada. Abraça do nada Nas busque motinos ypara demonstrar!. "
img052.png,"A paciência, e a confiança em ação Quando entregamos nossos dias a Deus, estamos permitindo que grandes milagres aconteçam"
img053.png,"Você não sperabe o quanto o ambiente te afeta até você sair dele."
img054.png,"De: mim para: mim Lire da gaveta vas asas que você quardou enquanto kuidava do voo de outras pessoas."
img055.png,"As vezes, a pressa nos impede de ver os milagres que Deus esta preparando Que sejamos pacientes e confiantes, pois grandes bênçãos aguardam aqueles que Nele confiam."
img056.png,"As vezes, a pressa nos impede de ver os milagres que Deus esta preparando. Que sejamos pacientes e confiantes, pois grandes bênçãos aguardam aqueles que Nele confiam."
img057.png,"Posso perdoar e viver em paz, sem a necessidade de voltar a conviver, e isso não é soberba, é uma escolha. de não ser mais refém, das feridas do passado. da mágoa que seca a alma, porque o perdão. não exige proximidade, mas nos liberta do"
img058.png,"Talvez o mundo seria um lugar melhor ise vas pessoas perguntassem com mais frequência: E se fosse comigo?"
img059.png,"Na vida nem tudo são flores, é um fato inegável. Enfrentamos tempestades e desafios que nos fazem questionar o rumo que estamos seguindo. Mas, há algo que faz toda a diferença, algo que nos dá força para continuar, mesmo nos momentos mais sombrios: a esperança no cuidado de Deus."
img060.png,"Que a nossa fi seja maior de 4 que qualquer problema. Deudenis"
img061.png,"Quanto mais a gente envelhece, a gente vai aprendendo a valorizar mais o nosso tempo e energia. reservando-os apenas para aqueles que verdadeiramente acrescentam cor e brilho as nossas vidas. @metamorfrases"
img062.png,"Eu já quis 3 controlar tudo na minha vida, mas reconheci que é melhor deixar nas mãos de quem seguramente sabe o que faz Deus está no controle de tudo! Faço a minha parte, me acalmo, confio e fico em pazo"
img063.png,"Ao impor limites, voce descobre se é amado ou apenas útil."
img064.png,"Você nem sempre precisa contar o seu lado da história-O TEMPO CONTA! "
img065.png,"Admitir que você pode ser muito bom em alguma cala não é arrogância. Seja a primeira pessoa a vreconhecer Suas qualidades."
img066.png,"Não é o que acontece ao nosso redor, mas como interpretamos, e é isso que molda a nossa realidade. @metamorfrases-Optar por uma visão mais positiva, é escolher viver uma vida mais feliz."
img067.png,"Senhor, que a tua Lei se mantenha gravada em meu coração, não como um fardo, mas como um privilegio. Que eu possa lembrar constantemente a importância de amar o próximo, ter compaixão, perdoar e buscar a justiça. Que a tua Palavra seja minha companhia viva nos momentos de incerteza e minha fortaleza nas"
img068.png,"Entar, um dia inesperada mente, você conhece aquela pessoa que te mostra como você deveria ter sido tratada (0) O tempo"
img069.png," "Desvia os meus olhos das coisas inúteis""
img070.png,"Ore antes de sair de casa, pois nunca se sake quantas pessoas estão torcendo contrac você. "
img071.png,"Se custa a sua paz, é caro demais! "
img072.png,"Muitas vezes, estamos tão ocupados buscando o que está além do horizonte que deixamos de apreciar o extraordinário nas pequenas coisas do dia a dia."
img073.png,"Já dizia Bob Marley: -Se quiser entrar na minha vida, entre. Se quiser soir, soña. Só não fique na porta, porque atrapalhov a passagem!"
img074.png,"Um sapo decidiu chegar no topo de uma árvore. Os outros sapor gritaram. " gritarane E' impossível! É impossível! mesmo assim o sapo chegou no topo... mas como? Simples: Ele era surdo. E ele pensava "todos estão me encorajando, eu preciso chegar lá em cima".. SE VOCÊ QUER ALCANÇAR SEUS SONHOS, SEJA SURDO PARA PENSAMENTOS NEGATIVOS."
img075.png,"Já sparou spora pensar no quanto voce crescen derde o evento que você achou ique acabaria com voce? Isabela Couto Psicóloga CRP: 06/191187"
img076.png,"NÃO SE DOMA NINGUÉM. AMAR /É SOMAR DUAS LIBERDADES."
img077.png,"QUANDO VOCÊ ESTÁ UM CACO, NÃO DISCUTA CACO FERE."
img078.png,"Só saberá subir humoldade de descer quantas forem necessário" vezes Sílvio Santos"
img079.png,"Às vezes, a cresposta que você precisa e o comportamento que ra speltoa presenta"
img080.png,"RENATO JR MATHIAS"
img081.png,"CUIDAR DA DOR DO OUTRO É UMA FORMA DE CICATRIZAR TAMBÉM A SUA"
img082.png,"A RECIPROCIDADE ANULA A COBRANÇA."
img083.png,"CUIDAR DA DOR DO OUTRO É UMA FORMA DE CICATRIZAR TAMBÉM A SUA"
img084.png,"BEM-AVENTURADOS SÃO AQUELES QUE SERVEM OS OUTROS. O DESTINO DEVOLVE"
img085.png,"Seja VOCÊ MESMO SEMPRE MUDANDO PARA MELHOR."
img086.png,"A VELHICE NÃO APAGA O PRIMEIRO OLHAR. VOCÊ SEMPRE SERÁ O QUE O QUÍRO AMOU À PRIMEIRA VISTA"
img087.png,"PERDOAR É TAMBÉM SE AFASTAR"
img088.png,"Cudo tem seu tempo. Cenka paciência. Deus sabe o que é melhor e para você. Suporte o processo e viverá o propósito. Aguente firme, e não abandone a sua fé. Vai valer a pena. Confie! O e agir de Deus é lindo!"
img089.png,"VOCÊ TEM A OBRIGAÇÃO DE CUIDAR BEM DE SI ATÉ PARA ENSINAR AOS OUTROS COMO"
img090.png,"A Bíblia diz: Cudo tem seu tempe Tenha paciência Deu sabe o que melhor pra você." Suporte o processo e viverá o propósito! Aquente firme e nav abandone sua fé. vai valera peña. Confie."
img091.png,"QUANDO NÃO SOMOS INTEIROS, AS RELAÇÕES FICAM PELA METADE"
img092.png,""algumas fotos pra você ficar bem outras te fazem ficar bem" Rail Cursos"
img093.png,"PELAS PALAVRAS, ENXERGAMOS AS INTENÇÕES. PELAS ATITUDES, ENXERGAMOS"
img094.png,"PARA FACILITAR O AMOR, SEJA SEMPRE (LARO, A (LAREZA É O SOL DO CONVIVίο"
img095.png,"NA MAIOR PARTE DAS VEZES, QUEM SILENCIA, NÃO CONCORDA. A QUIETUDE E UMA DECLARADA OPOSIÇÃO DE QUEM CANSOU DE BRIGAR, DE QUEM Viu QUE NÃO VALE A PENA NEM DISCUTIR."
img096.png,"PALAVRA NÃO TEM RÉ."
img097.png,"O que cansa a gente e nos deixa doentes, são as coisas na mente, que ficam pendentes ."
img098.png,"Tudo que você deisea sem atenças, 1 vai aos Pouco se des ja gendo."
img099.png,"Precisa ter reciprocidade, o senal é sempre perda de tempo. @umcontao"
img100.png,"Perdoe-re por ter acertado menos do que merecia, mas não qaça Asso novamente"
img101.png,"Se não dá PRa esquecer Sete palavras Das Tam: "Eu NÃO GOSTEI DO QUE VOCÊ FEZ.""
img102.png,"NÃO facilite A Vida dos outros, SE Tiver que dificultar A SUA."
img103.png,"Não, o tempo não cura tudo, mas ele te dá o espaço para decidir o que fazer com um documento."
img104.png,"QUVIR COM ATENÇÃO /É A MAIOR HOMENAGEM QUE SE PODE FAZER A ALGUÉM. Corpinėjor/"
img105.png,"Se o Sim for para facilitar a vida do Outro e melhorar a sua, então, NÃO. 3010912024"
img106.png,"Ficar bem vai é deixar de sentir. É vào prolongar -o que te far mal."
img107.png,"Pergunta triste as pessoas que te amam mais dias em que você não é capaz de se amar?"
img108.png,"Cuidar de si é uma parte essencial para cuidar dos outros. Quanto mais saudável é a árvore, melhor a fruta que ela pode oferecer."
img109.png,"BENDITO SEJA O INCÔMODO QUE TE FAZ SAIR DE UM LUGAR QUE NÃO TE CABE MAIS."
img110.png,"Que a fé seja sempre mais forte que todas as nossas incertezas."
img111.png,"CRIE OH de SE PERGUNTAR: "VALE MESMO A PENA SE ESTRESSAR Com isso?!""
img112.png,"E PELO ABRAÇO DEMORADO QUE SABEMOS QUE O OUTRO QUER FICAR EM NOSSA VIDA"
img113.png,"E FORA DO STORY TU TÁ BEM?"
img114.png,"VÉVi SUA VIDA!"
img115.png,"NINGUÉM TEM A OBRIGAÇÃO DE ADIVINHAR O QUE ACONTECE EM SUA CORAÇÃO. DE NOTÍCIAS."
img116.png,"A ESCADA DA VIDA /NÃO É FEITA SOMENTE PARA SUBIR OU DESCER. OS DEGRAUS SÃO TAMBÉM PARA SENTAR"
img117.png,"RESPEITA-ME, EU FIZ A ESCOLA SEM GOOGLE."
img118.png,"A PAZ JAMAIS VEM DE FORA, E UMA DECISÃO"
img119.png,"Pergunta triste as pessoas que te amam mais dias em que você não é capaz de se amar?"
img120.png,"A RECIPROCIDADE ANULA A COBRANÇA. Corpinejor,"
img121.png,"Saúde mental é também, escolher Viver com pessoas que não nos tornem doentes"
img122.png,"Valiosas são as pesseas. que nos dão cousas Caras-tempo, atenção, lealdade e"
img123.png,"Atitudes liberRTADORA: -NÃO POSSO; ! - -NÃO QUERO; NÃO VOU - - -NÃO 605T0; HOJE NÃO. NÃO FACILITE A Vida dos OUTROS SE TIVER"
img124.png,"Se você pudesse comer suas próprias palavras, a sua alma seria nutrida ou seria envenenada?"
img125.png,"Seja sempre uma pessoa que oferece algo bom. O que as outras ofertas de volta não é sobre você, mas sim o reflexo do que eles são."
img126.png,"NÃO DECIDA NADA NO CALOR DO DESCONTENTAMENTO: A RAIVA AUMENTA O VALOR DO PROBLEMA."
img127.png,"Ninguém é forte o Tempo todo, etá Tudo bem. Apenas respire, descanse e recomece."
img128.png,"Não, o tempo não cura tudo, mas ele te da o espaço porra decide o que fazer com a dor."
img129.png,"Cuidada por Deus em cada detalhe!"
img130.png,"O silêncio não é covardia, é sabedoria de quem aprendeu a confiar em Deus."
img131.png,"A presença de Deus em nossa vida é a maior vitória que podemos ter."
img132.png,"Não é que você leva no bolso o que te faz valioso. E v que você deixa no coração dos outros."
img133.png,"Essa semana não esqueça de fazer essas coisas: Cuidar de você. Acredite em você. Dar sempre o melhor para você."
img134.png,"Não espalhe espinhos pelo caminho. Seu retorno pode ser descalçı"
img135.png,"Até um par de asas se torna um peso quando falta coragem."
img136.png,"Até um par de asas se torna um peso quando falta coragem."
img137.png,"GENEROSIDADE É DEIXAR O OUTRO FALAR TANTO QUANTO VOCÊ GOSTARIA DE SER"
img138.png,"Deus vai orientar O barco, mas você precisa observar."
img139.png,""Deus já sabia que você passaria pelo que está passando agora. Ele planejou você forte o suficiente para passar por isso. passar por Mantenha a fé. Há um propósito para tudo que você enfrenta!!!"
img140.png,"O fracasso faz parte da vida. Se você não falkar, você não aprende, e se não aprender, você não muda"
img141.png,"O fracasso faz parte da vida. Se você não falhar, você não aprender, e se não aprender, você não muda."
img142.png,"Não desista! As vezes a última criação e a que abre portas."
img143.png,"Oudo que o dinheiro pode comprar e barato. As coisas mais valiosas da vida não estão à venda"
img144.png,"Você nasceu com um propósito. Não é porque Las as coisas não estão dando certo agora que você não vai vivê-las. Sabe porque? porque quem te chamou é muito maior que as dificuldades que você enfrenta."
img145.png,"A VELHICE NÃO APAGA O PRIMEIRO OLHAR. VOCÊ SEMPRE SERÁ O QUE O QUÍRO AMOU À PRIMEIRA VISTA."
img146.png,"Deus vai orientar O barco, mas você precisa remar"
img147.png,"Seja VOCÊ MESMO SEMPRE MUDANDO PARA MELHOR."
img148.png,"Ele estava lá naquela noite quando você pediu forças para não desistir. ISAÍAS 41:10"
img149.png,"BEM-AVENTURADOS SÃO AQUELES QUE SERVEM OS OUTROS. O DESTINO DEVOLVE"
img150.png,"Senhor Afasle do meu caminhor os corações sóbrios e cheios de egos exaltados Pormita que somente a humildade e generosidade cheguem a mim, me inspirando e ensinando a nunca me sentir melhor do que ninguém, reconhecendo que todos nós compartilhamos este mundo e caminhamos juntos na jornada da vida. Que a sua luz me quie sempre. Amém !"
img151.png,"Thiages, que você tenha tudo em dobro e que nunca te falte o sabor! Sua presença aqui na Comunidade é feita por todos. Bova fazer de 2k23 cun e incrível. Conte comigo,"
img152.png,"23/01/23 Bom Din Povo, Posso PesticiPA TAMBEM? Nem ESCREUE Lomono MAIS MAL DIGITAL COMO A ETUDO THE AA DOREI A @BRUNMJ. IDEA BRUNO Fica aqui seman Escrows curiosidade en mais rapide usando letis de forma, e não gosto da menda lettro soo korrusio Capesar que daars ABORAÇOS NUCOMMUNY"
img153.png,"Ah, @brunmj que tópico Massa! Que TOPico!!! Eu gosto muito de es-Crever, mas ultimamente tenho escrito um pouco com as mãos, caneta e papel. Meu filho acha engraça-do quando deixo um bilhete para ele, "podia. mandar um Whats pai" Escrever à mão é vin recurso excelente para dei-xar o cevebno aterito aos Cursos emes, vallu a Proxocação!"
img154.png,"Ops, mangueira é dia de deixar teclas do lado ajuda para ter Zanita, lápis. Fazer isso uma smaier tapacidade de compreensão sna Smemoria, facilida Ja ertiografia e I relaxamento. leitura, smelhora massa Un melhor conhecimento famoso A criatividade e Lemboro da época que estudaa, & Some conita lapis: Os professores falam sam tão rápidos, que tinham sque que aa escrever rápido. Por isso mu prendr noa parei de exornar xom a canita, as rezs faço até cartas encadernadas alqueón que Aqui finalizo, com este bulo presente que Dens den, escrito a sono! "A escrita a mais reproduzida um traço e personalidade? Ass. Kliter Vieira"
img155.png,"Os melões e as maçãs que a mãe do João comprou não eram muito maduros. Xerxes viu um peixe roxo. Seu Javares caçou um tatu. a pulga picou Reper."
img156.png,"Nos dias de hoje, no nosso mundo ocidental, no nosso os pars que jo não é subdesenvolvido, onde computadous e todo o oo tipude gadgets eletrônicos Micos parecem quase um prolongamento dos nossos braços, como programas e aplicativos para tudo o que podemos imaginar, quem é ainda escreve & mas? que ainda são pessoas de gerações mais antigas, que runica aprenderain a escrever nem teclado, certamente. Mas haverá mais alguém? A escrita, esta fantástica invenção humana, existe há 3.500 anos. mais de de escrevet so Jo maquinas foram criadas nos séculos xuil-XVIII. Os primeiros computadores começaram a ser peusados ​​no passado, mas MOD anos 30-40 do segurança sd nos anos 70 encetarain o selu caminho para se tornarem pessoais, e assim na década de 90 passaram reis para a maioria das pessoas."
img157.png,"Josué 1:9 Seja forte corajoso! Não se apavere nem desanime, pois Eu, o Senhor seu Deus estejai com você por onde você anda"
img158.png,"Você vai ver coisas que sonharam acontecer do nada e vai entender que Deus já havia cuidado de tudo."
img159.png,"Nossas maiores batalhas são vencidas em silêncio. Nelas não tem ninguém nos aplaudindo mas tem Deus nos honrando."
img160.png,"1- se você não está atrás do que quer, nunca vai ter. 2- se você não perguntar, a resposta sempre vai ser não. 3- se não der um passo à frente nunca saiu do lugar. - desbotarei"
img161.png,"I esquecer o que você não precisa mais lembra So Aunidade seEM ORAÇÃO NÃO ERRANTE UTIS VIDA PELENA COPY CRITEO Lem gente que quis MA muộn, mas não de Mopone teperiments nivel's marones αι de alge maier glova, nós puasemen this mesma a plafo Du lide aquilo que vou era lus valiza QVANIE KOLE SINTRA NA ZONA DECONITORCO O saving ativa destine. Amplia Quanto en so, deruitre quantes doro is tente, quanto feuiter Deus ja ciuman. DESCUBRO QUE NID YOU OPRURUEMA, YOU DO bája deixar de on a problema há muito tempo, low' i sexcufa ha Yewice nos CURA DA ANSTADE"
img162.png,"Tenobi Tarincurre Районно 10 egy Криницької області Wererobennomy MB Метруга МУ.. В. Українки 5.1, св. em Вінницького р-мy, Binterest кої обл, г. 0082006646"
img163.png,"As vezes, Nocê é uma pessoa que mais precisa daquilo que tanto oferece. Cuide de bci também!"
img164.png,"a intermecade com Jesus yora urma intensifica apare de nós fotializes nada que comerç a geros dentro de pare le dublor në dia bem & lambem ne di mal Quasies en aug Deus, modo na evita SE DEUS TEM ALAC Plethe VỤ QUE VÃI TRAFALTAR GREE, EAS VAI DE DAR 3 we in choma milo meu nome on Rem sar buxos a minha fra i se convenção des cominhos ento in omvis حبه ها Deus FAZER TERAPIA NAD SUBSTITUTUM A VIPA DE DRAGAS sa terapia i uma diavad humana plecton com untua co hermanos *me disciplina espiritual I para te abastecer"
img165.png,"FAZER TERAPIA NAD SUBSTITUTUM A VIDA DE DRAGAS a terapia i suma diasad humana plectan a car humane som vrtua con *mo disciplina spritual é pora te abastecer Entra no teu quato, dobre o felho e lide uso geunes em oracaw. OKAR & FALAR E OUVIR A DEUS Matur 66 ORAR ajuda a pensar direitores fortalece ndo va era vrecibe estratégias puntuaire pledar com quando Actuacou no ambito humano, var do disarnimento,"
img166.png,"Rem per Sabrdaia 44. Punchunos coma Samara de Quir bai, is me aqui anthony diante ces to abre o me covape, pore on duramas dizer que k an ame dizer te preabo"
img167.png,"nova ustάδρο Exoso 13 17 feus trou o pove do legito Mas a maila dificuldade é ativar o ego de dentro deles. چلے Deus manda longe, para sau'r da gema de conforto NOVA ESTAÇÃO NOVAS DESIsors CORA GEM CAMINHO MAIS LONGD Jeda vez que entrarmes para um uma nova ), o passado uma nos pirxquir ROUBAR de mor ussu empo. TIRAR PAZ CORAGEM, BEE CORAGEM, BE E ESPERANG+"
img168.png,"Depas face algo para vod PARE DE PENSARL Em Uboê & Pense om QUEM ESTA A SUA VOLTA, GUENTE Feliz se Veranse ARE PHAR DE CAUS Servir com o que tem e ser servido comm 0 o que Deus tem fau de se puccupar comigo mesmo. Cude de quem está a rotta seja uma vontade de frais no center. Jude é o que você vai cother. e que bacalhau semear é o"
img169.png,"Uma vite queagrave a Du Qs gentias la fora, os nai inal ves, aqueles que ainda agora untigaram a vida para Cristo, vivens uma vida va, sem ama disaca sem saber pora onde vai, sem isabeu de VIDA SEM PROPOSITO"
img170.png,"E se não há um usuário supesia a pristar contas yeule que faz, se naw ha uma ferite absoluta da vidade Danas tem um padrão de moralizade, então in perso fagu o quiar, tais a verdade para estis la fora, sapinas uma questão de ponto de vista o custo para mim pose ser urrado para você e vice-versa, i cada vem deve seguir o seu próprio accay MAS SEGUIR O PROPRIO CARACAS E PERIODEQ LEVA UMA VIDA VA E ESTES TEM UM VIDÊ VÁ CONFORME O VERSO"
img171.png,"Você me tinha da forma mais linda que se tem alguém e mesmo assim, você não deu valor."
img172.png,"PETRIACADO INANIMADOS SEM vible como PEDRA porque estão ENTENEBRECINOS no entendimentos Um homem que não conhece Deus, não conhece a palarra de Deus, nau contea mais nada da vida. Perque a verdadenis cetramento de Deus e da unde wuta na palavra de neus. PSEM VONTADE PRÓPRIA"
img173.png,"Pas caseiro da mas to & Cooper de água Walta de lil's maga 90 g. de fermento p/pas 56005 Copo de aleio I colher de sopa droguce. I colher de sopa de sal I kalo e meio de tri go dodo juga dos Sachin m. dafazer Bala tudo no liqui meno o ta go depois de ball do Coloque o Thiyo I mexa Com a más-deince descanso por thora e 15 minutos e bove Para assas em forma Unlada"
img174.png,"23 Escreva 5 coisas engraçadas: 1. 2. 3. 4. 5. 33 Frases malucas! Use sua cria-tiridade e forme frases: X (a) monstro - choro - escola-chupeta"
img175.png,"(a) monstro - choro - escola-chupeta XXX b) gaveta-chefe-doce Y (c) bebê - fralda-coco-mamãe"
img176.png,"Tew par suedes, dicanse fe the qur en husba.ite protige DESCANSA FILIE nou m ہو To fitho pode usar ne verzo mas não t'ia is ه چه معنا D QUE PRIVILEGIO E SER FILHA DE DEUS I ملے the mur pai entra e anda da xa dem Pai Que mi PMA UM TAY QUE vi me REJEITA 1 Você com QEM UG ESTA FALANDO/EU SOU PICHA DO Autissimo CONSCIENCIA E CONVICO be quem e του ΡΑΛ"
img177.png,"Massa de Pastel (al Jongfe) 1'ex de farinha de tinga 1 gema 1 colher de mangarina lente ate dar konte Sal a gato i deal 3 receitas"
img178.png,"humi tharte e serve tes que ajudam su protras quee NAD TREM OBIS NADA DE BICO, PORTE EINFUUBANTE Co mui las veges Drus tira a riqueza, influência e a força para através da humilhacau, do quebranta-rendig, faze mento e da rendicau L uma obra em nossa lisa. DEUS USA UM PROCESSO PARA TE DESCONSTRUIR EM ALGUMA HORA DEUS VAI USAR UM PROCESSO PARA PETIRAR AS SUAS MULES THE E APOIOS NATURAIS PARA QUE VOCÊ POODA RECR OQUE LALE TOM TRA SUA VIDA, QUETA ALÉM DO QUE O DINHEIRO COMPRA, DO QUE A FORÇA PEALIZA EA INFLUENCIA PODE PRZER"
img179.png,"29 04 25 DACEQUAL 10085 4:18-19 2025: ELANO VERDABLE DEL SENOR NUOVA SEMANA BONDECIDOS Y EN VICTORIAT Y CON NUEUR PROMESA DE PARTE DE PAPA... IN PEQUEÑO RECORDATORIO CON AMOR NO TEMAS IDIOS VÀ CONTIGO CUANDO SIENTAS MIEDO, RECUERDA QUE SO PRESENCIA TE SOSTIENE ESFORZAOS E COBRAD ANIMO, NOTEMAIS. NI TENGAIS MIEDO DE ELLOS, PORQUE JEHOVA TU DIOS ES EL QUE VA CONTIGONE NO TE DEJARA, INI TE DESAMPARARA DEUTERONÔMIO 31:6"
img180.png,"Há muito al vem Deus levanta bandura degen que amam. Levantando a bandeira as Amor a dizendo que a galera puga MAS NINGUEM CONSOLE AMAR SE NAS TIVER DEUS HA VIDA FORAGE LES ATTOR is E'de que constange on nene comadu a amar thumanidade ista de caída, punarsa, conem pidan deyinmana Nas na nunhuma tour que promors to somen qua de amor trustadeico."
img181.png,"chhumanidade esta decaida, pura, conem pe degeneraca. Não há nada que promova o amor zencladeico. Entao e o cunta que ama NAS! me vado pode até amar, Alguem cregene que pésrités errados, amar, mas ama com DENS NIED QUER SÓ QUE ELENTES PAST, MAS QUE A CUTRITE FASA DOM INTRAKAN DERTA."
img182.png,"lembra que fui eu não esqueci que fui eu. Que você amou demais desde o dia em que você conheceu."
img183.png,"DEVE NID QUER SÓ QUE MENTE mast, mas QUE A GENTE PAGE BOM HINDUKAN DERCA. Tena que não sya um Fariseus é a pessoa que las coisas sonta mae com a نے DEUS EXAMINA A AÇAS EAINTENLAS! vá para casa e examine acow mima acow MAS DEUS SONDA A AÇÃO E ANTENGAS"
img184.png,""8' calo que todas as coisas compra e conhechem para o bem aqueles que amaron a Deus и лад char charmacies pelo ми профакто" DEUS &'ESPECIALISTA ELM TRANSFORMAR DING LOTIONS Em TRAS TOTRADRINKBIOS. Você acha que acabou? E' De Deus mudaatus o Code a JomeTA? prai Qual a solução? sau pia procuar" SAKUL PERDEU A JUMENTA E VODE? PERDEU O QUE? O que aconteceu no camcondo que quebrae o ku rotiise?"
img185.png,"SAL PERDEU A JUMENTA E VODE? PERDEU ο αυσ O que aconteceu xo comendo que cortes o ku roturo? E' melhor em onde ha luto do que eu ema fura PORQUE NO LUTO HA REFLEVAD. Cao sofia uma puda REORGANIZAR ficou dante REEDUCOU TRAUMA? MODO SOU CAMINHO"
img186.png,"sere I parte leite, I callen, Ix. de 3x. de açúcar, Ix. (sopa de chocolate; 1 colher de homem leiga Baunilha Levai ao Ponte Mole se pintar fogo intar no pires Sesta bom Bater milite bem e desp despejar na pedra Cartar em quadradines Jazer um ereme de mauzena com /4 3 de lente, e 3 colheres de over maizena. Bater na tratedeira ki de manteiga, I lata de lute condensado, mistivar aos poucos a creme esgotas"
img187.png,"Creme de leite condensado Hoves, 1 data de leite condensado. 4 colheres de maizena, uma lata de leite normal 5 colheres de açúcar leva se ao fogo leite, o açúcar a mistura vasilha em. lette moça Mespoja vasilla fonada com açucar queimado. leurs com"
img188.png,"Papai Noel Meu nome é Miquel, tenho 12 anos. e sou autista de grau leve. que eu desejo ganhar de presente de Natal não AMIGOS. Brinco ma escola sozinho poia as crianças me odeiam por en ver diferente Além disso não gosto de muito barulho poiz me deixs desorientado. Por cacesa da minha condição sobra bullying e não sou respeitado pelos colegas. Meus pais dizem que sou muito inteligente e especial. Lorque as outras pessoas não respeitam outras que são diferentes?"
img189.png,"Eau quero ser um celular - lapai do céu, eu quero ser um celular Pep causa dos meus pais. O senhor precisa ver como eles têm paciência com ele mesmo quando chegam cansadas do trabalho. lemas comigo não, vão logo dando São olhos da minha mãe até brilham quando está olhando o celular. E lindo de ver -Eau quero que ela olhe assim pra mim também."
img190.png,"brilhan oritham quando você está olhando para o celular. - Eau quero que ela olhe assim pra mim também. - - Ryande estamos conversando e o celular toca, meu pai corta a mossa conversa no mero. mas munca, ele para olhar o celular para conversar comigo. Eales Inunca tem tempo pré brincar ge, mas sastam theras vendo comigo, coical no celular. Rey Sover, papai do céu, me transfere num celular Dai todo mundo vai ficar feliz aqen em casa muito obrigado credeal"
img191.png,"PORTO XAVIER, PRERASES MORADOR! Buset EM SUA CASA HOJE E NAE SYCONTRE Nock's, locisko De 1 ESTA CARTINMA! Αγάς υπ πεπτίοπο DE SOLAHENISSA ESTRimos Topos FUNSHOSUS PARA ENTRAR PESSOAS E CONVERSE, FRAR SOBRE COISAS BORS, NO MESMO BCS EU TENHe tu Sence coisas BAS NA BABA, UM HYRO QUE A MAIORIA DAS PESSOAS TEMOMBASA NOU TO FOR ALGUNS TEXTOS DE GOVE GESTEL Isaias 32 17.18-O RESULTADO DAL VEESADEIRA JUSTIÇA SERA TRANQUILIDADE E SELLRANICA PERMANENTES MEU PONG MORARA NUM WOAR PACIFICO, EM MACKARVAS SEGUAAS E En Locais TRANQUILOS, SEM RESTURBA JEREMIAS 29: 11,12,14: "Pois EN SEI Muito BEM o QUE TENHO EM MENTE PARA VOCEς, Di2 Jεους (Deus), QUERO QUE TENHAM PAZ, Não CalAMIDADE QUERO DA A VOCES UT RITURE E UMA ESPERANGA E VOCES ME CHAMAR E VIRAL A MIM EM DRAÇAR, E EU VOU ESCUTA-los vecês ME PROWBARRE & ME ACHARAS, PRIS ME BUSCARAS DE ESPERO QUE VOCES TAMBUM GOOTEN DETS TEXTOS ATE BEEVE, ATENCIOSAMENTE EB VITE SETE JUU.ORG"
img192.png,"Querido Papai nod Acho bom esse ano lu ganhar na mega poma Pais não gosto de fazer ameaças mas acidentes acontecem trenos explodem..."
img193.png,"FICAM MAIS INDIGNADOS COM MANCHA DE TINTA NO MURO QUE COM MANCHA DE SANGUE NO CHÃO!!"
img194.png,"Querida Papai Noel. Está chegando ao natal e sei que é a época em que o senhor mais trabalha, atendendo aos pedidos de muitas crianças. Esse ano você vai querer um presente especial, não vou querer brinquedos. já tenho muitos brinquedos que ganhei nos últimos sete anos da minha vida Nesse ano quero muita paz, amor e carinho, quero que meus pais não bri-quem e que passe sempre de ama ma es-cola, mas se mesma para do seu agrado me dar um presentinho... me dê um chapéu de sol Cporquê vou dá-lo para"
img195.png,"Eu amo cada detalhe vender, cada te de Cabelo, rada pedacinho seu, eu hunca AMEI alguém Con Blu amo você. Nunca me apaixonei tão intensamente assim, nunca imaginerique iria conhecer urma pessoa tão rincrivel igual você você me fez ver ogue Na verdade é amar, todas as noites antes de dormir ou pensar em pensar em você, todas as músicas que escauto me lembrarm você. Depois que você conheceu tudo começou a fazer sentido, Eu só quero viver do seu lado, eu sou coraple-tamente APAIXONADO por você, eu sou de corpo e alma, eu te amico, e não me Canse de repetir, você é o amor da minta Vida! meu amor POR você"
img196.png,"Olá Escrevo esta carta para você e seu familiar com desejo de dar uma mensagem Já pensei na batalha que oh na batalha que o hanem tem contra a morte, pense nisso: Quem não desejalo viver para sempre com Sovide sendo yun? De acordo com a história de vários nois, faraos e imperadores tentaram alcançar a vida imortal, sem sucesso, nenhum deles conseguiu Extender seu vidou. Maus, porque não desejamos morrer? A Biblion nosς που ου resppostou. Dois nos criou parou viver para sempre em um paraíso com fartura de alimentação, para cuidar dos animais e ter um trabalho digno. Mas o devido pecado e a decisão do primeiro homem Adas e mulher Evar que när obedeceram às normas de Deus Por isso, amorte, o pecado e as doenças que afetam a todos. E para solucionar este problema Deus invejoso filho Jesus Cristo como resgatado para toda humanidade... o ultivo incming on se ποδοκίδα αποdaca morte.. Logo, Deus acabar com tudo que nos crosin sofrimento. Se dese jar saber mais sobre. O que acontece com os mortos? Podereines noter resses parentes e diriges falece des? O que é o pamisol Visite o site dando para sobir mals. AbenCIOSA mente, Riter"
img197.png,"li professor tudo bem? Sabe desde que eu fiz uma cirrurgia em Dezembro de 2013 nem um prapesso de Educação Eisica dechoneu participar da aula, Você foi e primeiro e eu acho que o último Vou sintir muito falta. Você foi o melhor professor de Educação Física que eu já tive. Eu não queria que você possuísse em lorra eu queria que dando aula final da coco ficasse aqui até o ano."
img198.png,"Ingredientes: AGUANABOCA 3 pães amanhecidos picados 500 ml de leite 3 ovos 1 xúc de acrúcar 3 col (sopa) de margarina 1 col. (chá) de essência de baunilha Modo de preparo: Bata no liquidificador os pães com o leite, os ovos, o açúcar, a margarina e a baunilha. Transfira para uma forma"
img199.png,"Prezadada) Morador (a) não te encontre em casa mas Gostaria de compartilhar uma mensagem importante Alcyumar pessoas acham que seu não vê o sofrimento delas e nem importa rerdade? com você. Sera que è Em Tom Gêness 6:5,6 a billea diz "Dead viu cue a maldade do homem era grande na terra e seu Coração se entresteceu na verdade Deur vê o movimento sofrimento e se importa com cada um de nós. mas será que um dia esse sofrimento trá acalar para sempre? acesse o site JW.ORG para vender mais sobre esse cosxunto e a resposta desta pergunta."
img200.png,"Balo DE Batara Doce de batata dore. de açúcar e copo de leite de vaca. I copo de leste de 2000. 250 gus de fe trigo. 3 colheres de sopa de café de verterento em fió I pitada de raf.. momtiga, coco ralado a quijo zolado. =MODO DE FAZER = Cozinhe as batatas e ainda quentes. Parre-as junte 1 colher de manteiga atmosférica ou os outros 2 de qra penzi A mistura de açúcar, seiva e fermento é muito boa. Bata wisture peje leve ao dos paucos onurture tudo as elaras Com wassa numa er vere wara. Da zoura untas zona widio, ate qu fe quer douradas."
img201.png,"Ingredientes: AGUANABOCA 4 bananas maduras amassadas 3 ovos 1 xícara de açúcar 1/2 xicara de óleo 1e 1½ xícara de farinha de trigo 1 colher (sopa) de fermento em pó 1 colher (chá) de canela em pó (opcional)"
img202.png,"Modo de preparo: 1 Bata os ovos, o açúcar e o óleo até formar um creme. AGUANABOCA 2. Adicione as bananas massadas e misture bem. 3 Junte uma farinha de trigo e misture e incorpore. 4. Adicione o fermento e a canela, delicadamente. Deite a massa em forma untada e enfarinhada. Leve ao forno pré-aquecido a 130 °C por cerca de 35 minutos ou até dourar."
img203.png,"no meu mundo tem sopaço para você, mas bempre que tento coaumar para existir mais espaço para nós você bagunça tudo! Os Funaldes não constantes onde você fala, nastros de distruição são inúmeros e mesmo assim dia aapes dia em venho limpando tudo onganizando cada cantinho para podermos viver em harmonia. Contretanto é cansativo demais, ar que entra no meu peito contem menos bentimento a cada nova função Começo apentar em elaborar um plano para conter tudo isso, a nie preparar para um dia essa tempes toude acabar.."
img204.png,"Tapai Noin Numca na história desse país eu me comportei tão bem que nom que esse ano. Não tomo mais caçacha em prúbrico (so em casa), mãe tô mais viajando tanto e até parei de pedir la Finezzi na celessão."
img205.png,"no meu mundo tem sopaço para você, mas bempre que tento coaumar para existir mais espaço para nós você bagunça tudo! Os Funaldes não constantes onde você fala, nastros de distruição são inúmeros e mesmo assim dia aapes dia em venho limpando tudo onganizando cada cantinho para podermos viver em harmonia. Contretanto é cansativo demais, ar que entra no meu peito contem menos bentimento a cada nova função Começo apentar em elaborar um plano para conter tudo isso, a nie preparar para um dia essa tempes toude acabar."
img206.png,"TOPITA DE LAMPO Plose Reginatto Massa & coth Crosos (sopa) mantenge 3 coth rosar (sépala açúcar. I coth (che) di pomavate 1 yatado de sal farinha ati dar pento Colocar um ume assadura, furar rein Aum parte e assar até domar. bume it lite vendimsode Misturar cohaers setru a mana asada pria Depers dexar Gantily (bater & laras com 9 cotheus de apicer).Assar all dourar o chantilly."
img207.png,"Pizza de Liquidificador Fácil Ingredientes, da Marsa: 1 xícara (chá) de leite 1 ovo 1 colher (chá) de sal 1 colher (chá) de açúcar 1 colher (sopa) de margarina 1 e 1/2 caícara (chá) de farinha de trigo 1 colher (sobremesa) de fermento em po V2 lata de molho de tomate Sugestão de Recheio: 250 g de mussarela ralada grossa 2 tomates fatiados aritona picada. orégano a gosto"
img208.png,"Sugestão de Recheio: 250 g de mussarela ralada grossa 2 tomates fatiados aritona picada. orégano a gosto"
img209.png,"1. Não liquidificar a batata o leite, o ovo, o sal, o açúcar, a margina, a farinha e trig. vá e o fermento em pó até que 20 minutos, o ercare no I so c por echeica de 20 minutos. 4. Despeje a massa em uma assadeira para pusza untada com margarina e leve ao forno pré-aquecido a 180 grivas ou curers em segudo. 4. Leve ao novo ao forno até derreter a mussarela"

